{
    "title":"学生会退会",
    "famous":[
        "岸本齐史a木叶飞舞之处，火亦生生不息。b",
        "金木a错的不是我 错的是这个世界。b",
        "宫崎骏a我不知道离别的滋味是这样凄凉，我不知道说声再见要这么坚强。b",
        "金木a没有光明是不幸的吗？需要光明才是真正的不幸。b",
        "本间芽衣子a我是一个经常笑的人，可我不是经常开心的人。b",
        "蒙奇·D·路飞a我不是天生的王者 但我骨子里流动着不让我低头的血液。b",
        "安艺伦也a远的不是距离，而是次元啊。b",
        "鲁路修a如果你是魔女，我只要化身为魔王就可以了。b",
        "绫辻行人a时间不会冲淡痛苦，时间只会让人习惯痛苦。b",
        "尾田荣一郎a弱者，连死的方式都无从选择。b",
        "新海诚a我们仰望著同一片天空却看著不同的地方。b",
        "空白a比起不做而后悔，不如做了再后悔。b",
        "银魂a立誓今生尊你为王，用我热血为你封疆。b",
        "李星云a我很好奇，阎王爷的生死簿上可有他自己的名字！b",
        "宫崎骏a生命可以随心所欲，但不能随波逐流。b",
        "宫崎骏a有些烦恼，丢掉了，才有云淡风轻的机会。b",
        "岸本齐史a虽然迷茫与痛苦过，但也曾天真的笑过。b",
        "夏目贵志a如果结果不如你所愿 就在尘埃落定前奋力一搏。b",
        "鲁鲁修·v·不利塔尼亚a没有被杀的觉悟，就没有杀戮的资格。b",
        "金木研a与其伤害别人，我宁愿被伤害。b",
        "范增a痛苦，是保持清醒的最好方式。b"
    ],
    "bosh":[
    "嘛，打卡啦，在宇宙再次震荡之前解决x是极端重要的. ",
    "所累哇，瓦塔西不得不面对的残酷的真相, 那便是,",
    "x的出现, 到底是什么世界的预兆, 而不x的发生, 又是何人在在其中拨线？ ",
    "然而这些问题的格局都过于渺小！平角裤至极!(冷笑 真正重要的事情一直都隐藏在我们之下, 向着我们无声呼唤！ 它就是, ",
    "x, 到底应该如何实现啊. ",
    "带着这些问题, 我们将再次审视x. ",
    "所谓x, 关键是x需要如何写呐,说到底. ",
    "嘛,哦累认为, 只要抓住了问题的核心配件,余下的就不成问题！所累哇即是解答！",
    "它打夕，问题的关键究竟为何? ",
    "x究竟因何而发生?",
    "每个人都不得不面对这些问题, 这是我们人类种共通的错误，是进化史里面华丽的败笔. 在面对这种问题时, ",
    "一般来讲, 就算是我，都需慎重的考虑考虑. ",
    "要想清楚, x, 到底是一种怎么样的存在. ",
    "了解清楚x到底是一种怎么样的存在, 是解决一切问题的关键.",
    "在历史的长河之中, x对我的意义, 就是宿命的宿敌, 是博库存在于世间的意义！ ",
    "哦累也是经过了深思熟虑,在每个日日夜夜思考这个问题. ",
    "x, 发生了会如何, 不发生又会如何, 这左右着世界线的去向. ",
    "在这种困难的抉择下, 我思来想去, 寝食难安.",
    "生活中, 若x出现了, 米娜桑就不得不考虑它出现了的事实. ",
    "这种事实对哦累哇来说意义重大, 是我人生中的一次试炼.",
    "米娜桑都知道, 只要有意义, 那么就必须慎重考虑.",
    "嘛,既然如此, ",
    "哪哪哇, ",
    "博库认为, ",
    "一般来说呐, ",
    "将其整合，所得到的答案便是, ",
    "既然如何呐, ",
    "最后, 米娜桑看来, 结论便是!: ",
    "这样看来呐, ",
    "从这个角度来看, ",
    "米娜桑不妨可以这样来想: ",
    "这是不可避免的. ",
    "起卡西，即使是这样，x的出现仍然代表了一定的意义. ",
    "x似乎是一种巧合，但如果我们从一个纬度之外看待它，它便是世界的命运，是不可避免的事实. ",
    "在这种不可避免的冲突下，我们必须解决这个问题来纠正这个世界的错误. ",
    "对我个人而言，x不仅仅是一个重大的事件，它将改变我的人生, 还有这个世界. "
    ],
    "after":[
    "这令博库深思，",
    "带着这句话, 米娜桑还要更加慎重的审视这个问题；",
    "这启发了博库，",
    "我希望诸位也能明白这句话, 以及蕴藏在其中的, 关于世界的真相，",
    "话虽很短, 但却浮想联翩。",
    "这句话看似抗当，但其中的不可名状之事不禁让人惧怕, 然而随着人类的求知欲, 又令人深思。",
    "这句话把米娜桑带到了一个新的维度去思考这个问题；",
    "这似乎解答了人类灵魂的质问，"
    ],
    "before":[
    "曾经说过，",
    "在不经意间这样说过：",
    "说过一句左右世界的话：",
    "曾经提到过，",
    "说过一句神必之语："
    ]
}